Granularity,Member,Revenue,COGS,Shipping,Tax,GrossProfit,NetProfit,GrossMargin,NetMargin,RevenueLY
Total,All,29358677.220699999,17277793.5757,733969.6091,2348694.2300999998,12080883.645,8998219.8058000002,0.41149277789947902,0.30649268487667425,
Year,2010,43421.036399999997,25572.063999999998,1085.5265999999999,3473.683,17848.972399999999,13289.762799999997,0.41106739681598203,0.30606737889839952,
Year,2011,7075525.9291000003,4231462.1909999996,176888.2574,566042.0858,2844063.7381000007,2101133.3949000007,0.40195792745285902,0.29695791040190034,43421.036399999997
Year,2012,5842485.1952,3414478.1692999997,146062.23499999999,467398.85649999999,2428007.0259000002,1814545.9344000004,0.4155777797939092,0.31057775480385874,7075525.9291000003
Year,2013,16351550.34,9586139.368999999,408791.13640000002,1308124.0271999999,6765410.9710000008,5048495.8074000012,0.41374737137004713,0.30874722594652765,5842485.1952
Year,2014,45694.720000000001,20141.7824,1142.4537,3655.5776000000001,25552.937600000001,20754.906299999999,0.55920985181657745,0.45420797632636767,16351550.34
Country,AU,9061000.5844000001,5375145.5081000002,226525.61309999999,724880.06660000002,3685855.0762999998,2734449.3965999996,0.40678234616227754,0.30178227792058676,
Country,CA,1977844.8621,1147923.3609,49446.448100000001,158227.59149999998,829921.50120000006,622247.46160000004,0.41960899820970848,0.3146088318268408,
Country,DE,2894312.3382000001,1706941.5732,72358.064599999998,231544.9914,1187370.7650000001,883467.70900000026,0.41024278870276909,0.30524269870246179,
Country,FR,2644017.7143000001,1557752.9924999999,66100.697199999995,211521.42199999999,1086264.7218000002,808642.6026000001,0.41083867022713472,0.30583857219507588,
Country,GB,3391712.2108999998,2001221.4328999999,84793.123500000002,271336.98190000001,1390490.7779999999,1034360.6725999999,0.40996720580577489,0.30496711049830777,
Country,US,9389789.5108000003,5488808.7080999995,234745.66260000001,751183.17669999995,3900980.8027000008,2915051.9634000007,0.41544922793137684,0.31044912775170841,
State,AU / New South Wales,3934485.7264999999,2334845.5460000001,98362.405599999998,314758.86699999997,1599640.1804999998,1186518.9079,0.40656906434452655,0.30156899538570481,
State,AU / Queensland,1988415.0297000001,1178760.9694000001,49710.505700000002,159073.2065,809654.06030000001,600870.34810000006,0.40718564696332821,0.30218557953198316,
State,AU / South Australia,618255.86159999995,366122.48060000001,15456.4347,49460.470499999996,252133.38099999994,187216.47579999993,0.40781397583113504,0.30281391156647941,
State,AU / Tasmania,239937.90330000001,142873.9123,5998.4648999999999,19195.0327,97063.991000000009,71870.493400000007,0.40453796446924278,0.29953789047718166,
State,AU / Victoria,2279906.0633,1352542.5998,56997.802199999998,182392.48989999999,927363.46350000007,687973.17140000011,0.40675511962001987,0.30175505143585102,
State,CA / Alberta,22467.802500000002,13573.135699999999,561.69650000000001,1797.4241999999999,8894.6668000000027,6535.5461000000032,0.39588503593086161,0.29088497195041674,
State,CA / British Columbia,1955340.0996000001,1134336.4021000001,48883.827499999999,156427.21049999999,821003.69750000001,615692.65950000007,0.41987769680985476,0.31487752929833079,
State,CA / Ontario,36.960000000000001,13.8231,0.92409999999999992,2.9567999999999999,23.136900000000001,19.256,0.62599837662337665,0.52099567099567101,
State,DE / Bayern,399966.78220000002,235657.2641,9999.2027999999991,31997.342999999997,164309.51810000002,122312.97230000002,0.4108079105875308,0.30580782640804016,
State,DE / Brandenburg,57919.208500000001,34725.304199999999,1447.9849999999999,4633.5367999999999,23193.904300000002,17112.3825,0.40045271509537295,0.29545263036527852,
State,DE / Hamburg,479125.8713,283425.12880000001,11978.189,38330.070399999997,195700.74249999999,145392.48309999998,0.40845371586595847,0.30345362629972428,
State,DE / Hessen,662103.29680000001,391158.59749999997,16552.637999999999,52968.2647,270944.69930000004,201423.79660000003,0.40921816974707448,0.30421808435858561,
State,DE / Nordrhein-Westfalen,566114.27220000001,332065.71179999999,14152.9136,45289.142800000001,234048.56040000002,174606.50400000002,0.41342988844010992,0.30842978630701973,
State,DE / Saarland,729082.90720000002,429909.56679999997,18227.136200000001,58326.633699999998,299173.34040000004,222619.57050000003,0.4103420028717415,0.30534191420692797,
State,FR / Charente-Maritime,34441.734900000003,19893.034199999998,861.04689999999994,2755.3389000000002,14548.700700000005,10932.314900000005,0.42241486215028046,0.31741475659520285,
State,FR / Essonne,279297.1838,165792.69190000001,6982.4530999999997,22343.774999999998,113504.49189999999,84178.263800000001,0.40639325594231068,0.30139317072483851,
State,FR / Garonne (Haute),54641.7232,32574.520699999997,1366.048,4371.3378999999995,22067.202500000003,16329.816600000006,0.40385260946528867,0.29885251861895901,
State,FR / Hauts de Seine,263416.18540000002,155402.1936,6585.4294,21073.295399999999,108013.99180000002,80355.267000000022,0.41005070222233964,0.30505060605133194,
State,FR / Loir et Cher,21473.739600000001,12432.279999999999,536.84619999999995,1717.8992000000001,9041.459600000002,6786.7142000000022,0.42104727767118877,0.31604714998034167,
State,FR / Loiret,91562.905599999998,53804.3773,2289.0816,7325.0325999999995,37758.528299999998,28144.414100000002,0.41237800452675893,0.30737790501047624,
State,FR / Moselle,94046.229500000001,55106.717400000001,2351.1648999999998,7523.6985999999997,38939.5121,29064.648600000004,0.41404649933360699,0.3090463993561805,
State,FR / Nord,391400.20140000002,230512.80679999999,9785.0427999999993,31312.016599999999,160887.39460000003,119790.33520000003,0.41105598317149977,0.3060558854377739,
State,FR / Pas de Calais,11342.922499999999,6585.6626999999999,283.5752,907.43380000000002,4757.2597999999989,3566.2507999999989,0.41940335923127392,0.3144031707877753,
State,FR / Seine (Paris),539725.80000000005,317765.6948,13493.1986,43178.065300000002,221960.10520000005,165288.84130000003,0.41124605345899717,0.3062459517406802,
State,FR / Seine Saint Denis,379479.74790000002,223531.2273,9487.0323000000008,30358.380499999999,155948.52060000002,116103.10780000003,0.41095347370446594,0.30595337021936508,
State,FR / Seine et Marne,109735.2384,64559.661199999995,2743.3901000000001,8778.8192999999992,45175.577200000007,33653.367800000007,0.41167794282570225,0.30667785745658893,
State,FR / Somme,29555.2814,17510.178,738.88530000000003,2364.4225999999999,12045.1034,8941.7955000000002,0.40754487284292951,0.30254475939450876,
State,FR / Val d'Oise,46755.900300000001,27497.9274,1168.904,3740.4721,19257.972900000001,14348.596800000003,0.41188326556509491,0.3068831250801517,
State,FR / Val de Marne,28478.124599999999,16517.382699999998,711.95690000000002,2278.25,11960.741900000001,8970.5350000000017,0.41999752680343289,0.31499739277073047,
State,FR / Yveline,268664.79580000002,158266.63649999999,6716.6418999999996,21493.1842,110398.15930000003,82188.333200000023,0.41091412431341712,0.30591404041332915,
State,GB / England,3391712.2108999998,2001221.4328999999,84793.123500000002,271336.98190000001,1390490.7779999999,1034360.6725999999,0.40996720580577489,0.30496711049830777,
State,US / Alabama,37.289999999999999,13.9465,0.93230000000000002,2.9831999999999996,23.343499999999999,19.427999999999997,0.62599892732636098,0.52099758648431205,
State,US / Arizona,2104.0196000000001,1130.0482999999999,52.600499999999997,168.32160000000002,973.97130000000016,753.04920000000016,0.46290980369194284,0.35790978373015164,
State,US / California,5714257.6925999997,3344241.0052,142856.9743,457140.6249,2370016.6873999997,1770019.0881999999,0.41475495416827046,0.30975485940933078,
State,US / Florida,7760.9096,4447.6287000000002,194.0232,620.87279999999998,3313.2808999999997,2498.3848999999996,0.42691914617843246,0.32191908278380149,
State,US / Georgia,1658.9200000000001,966.08969999999999,41.473300000000002,132.71359999999999,692.83030000000008,518.64340000000016,0.41763936778144822,0.31263918694090137,
State,US / Illinois,2828.0896000000002,1563.9243000000001,70.7029,226.24720000000002,1264.1653000000001,967.2152000000001,0.44700327033485787,0.3420030256467122,
State,US / Kentucky,216.96000000000001,81.143100000000004,5.4241000000000001,17.3568,135.8169,113.036,0.62599972345132748,0.52099926253687312,
State,US / Massachusetts,2049.0981999999999,1105.8099999999999,51.227499999999999,163.92789999999999,943.28819999999996,728.13279999999997,0.46034309141455493,0.35534304798081418,
State,US / Minnesota,91.280000000000001,55.518799999999999,2.2821000000000002,7.3024000000000004,35.761200000000002,26.176700000000004,0.39177475898334796,0.28677366345311134,
State,US / Mississippi,82.590000000000003,50.684699999999999,2.0648,6.6072000000000006,31.905300000000004,23.233300000000007,0.3863094805666546,0.28130887516648512,
State,US / Missouri,81.460000000000008,30.466099999999997,2.0366,6.5167999999999999,50.993900000000011,42.440500000000014,0.62599926344218026,0.52099803584581406,
State,US / Montana,92.079999999999998,34.438000000000002,2.3020999999999998,7.3664000000000005,57.641999999999996,47.973499999999994,0.62599913119026929,0.520998045178106,
State,US / New York,4124.1899999999996,2386.0020999999997,103.1052,329.93520000000001,1738.1878999999999,1305.1475,0.42146164458960428,0.31646153547726952,
State,US / North Carolina,7.2800000000000002,2.7228000000000003,0.18209999999999998,0.58240000000000003,4.5571999999999999,3.7927,0.62598901098901094,0.52097527472527472,
State,US / Ohio,359.18000000000001,137.8938,8.9801000000000002,28.734400000000001,221.28620000000001,183.57170000000002,0.61608719861907679,0.51108552814744701,
State,US / Oregon,1170991.5397000001,683677.46669999999,29274.912499999999,93679.324999999997,487314.07300000009,364359.8355000001,0.41615507582987882,0.31115496837265499,
State,US / South Carolina,2434.9199999999996,1329.2552999999998,60.8733,194.7936,1105.6646999999998,849.99779999999987,0.45408666403824355,0.34908654083091023,
State,US / Texas,1789.0999999999999,1016.3612999999999,44.728200000000001,143.12799999999999,772.73869999999999,584.88249999999994,0.43191476161198372,0.32691437035380916,
State,US / Utah,4419.5799999999999,2669.7501999999999,110.4898,353.56639999999999,1749.8298,1285.7736,0.39592671701835919,0.29092664913860594,
State,US / Virginia,39.980000000000004,14.9526,0.99960000000000004,3.1983999999999999,25.027400000000004,20.829400000000003,0.62599799899949982,0.52099549774887444,
State,US / Washington,2467248.3415000001,1439644.2489999998,61681.472499999996,197379.87169999999,1027604.0925000003,768542.74830000021,0.41649803759732318,0.31149792883547073,
State,US / Wyoming,7115.0100000000002,4209.3508999999995,177.87559999999999,569.20079999999996,2905.6591000000008,2158.5827000000008,0.40838440142740495,0.30338435223562593,
Category,Accesorio,700759.95999999996,262085.39189999999,17520.556,56060.796799999996,438674.56809999997,365093.21529999998,0.62599833486490863,0.52099611299138726,
Category,Bicicleta,28318144.650699999,16812348.1501,707954.31090000004,2265451.6244999999,11505796.500599999,8532390.5651999973,0.40630474356714558,0.30130471718559726,
Category,Prenda,339772.60999999999,203360.0337,8494.7422000000006,27181.808799999999,136412.57629999999,100736.02529999998,0.40148196848474627,0.29648071190906172,
